header,program_time,accX,accY,accZ,gyroX,gyroY,gyroZ,magX,magY,magZ,quatW,quatX,quatY,quatZ
246,14163,1.9600000381469727,4.050000190734863,4.699999809265137,0.01745329238474369,-0.02617993950843811,0.021816615015268326,38.75,-136.5625,117.875,0.99853515625,0.0013427734375,-0.03533935546875,0.04046630859375
246,15124,-1.2899999618530273,1.6399999856948853,-2.4000000953674316,0.009817477315664291,0.014180799946188927,0.003272492438554764,39.75,-136.5625,119.0625,0.9986572265625,0.0003662109375,-0.0302734375,0.0421142578125
246,16143,-3.299999952316284,2.240000009536743,1.8600000143051147,0.0054541537538170815,0.0010908307740464807,0.003272492438554764,39.375,-135.875,119.875,0.9986572265625,0.00030517578125,-0.0281982421875,0.04339599609375
246,17160,-2.990000009536743,1.100000023841858,0.17000000178813934,0.0054541537538170815,0.004363323096185923,-0.004363323096185923,40.5625,-136.6875,118.25,0.99859619140625,-0.000244140625,-0.02947998046875,0.04400634765625
246,18083,-0.33000001311302185,1.1100000143051147,1.4299999475479126,-0.01636246219277382,-0.020725784823298454,0.015271631069481373,40.5625,-136.1875,120.6875,0.9984130859375,-0.0003662109375,-0.03204345703125,0.04571533203125
246,19204,-0.5099999904632568,-0.15000000596046448,0.07000000029802322,-0.009817477315664291,-0.004363323096185923,0.01745329238474369,40.75,-136.0625,118.875,0.99810791015625,-0.00042724609375,-0.03314208984375,0.05218505859375
246,20131,-0.09000000357627869,2.3299999237060547,-0.8100000023841858,-0.008726646192371845,0.010908307507634163,0.0021816615480929613,40.5625,-135.0625,116.75,0.99652099609375,0.06072998046875,0.022216796875,0.0531005859375
246,21159,0.05000000074505806,0.05999999865889549,-0.25999999046325684,-0.003272492438554764,-0.008726646192371845,0.0010908307740464807,40.25,-135.5,118.5,0.99639892578125,0.0633544921875,0.0196533203125,0.052978515625
246,22081,-0.03999999910593033,-0.07999999821186066,-0.23999999463558197,-0.0010908307740464807,0.0021816615480929613,-0.0010908307740464807,40.5625,-135.875,118.75,0.996337890625,0.06378173828125,0.0196533203125,0.05291748046875
246,23062,-0.11999999731779099,-0.07000000029802322,-0.25999999046325684,-0.0010908307740464807,-0.007635815534740686,0.004363323096185923,40.5625,-135.1875,117.5625,0.996337890625,0.06378173828125,0.0198974609375,0.05291748046875
246,24127,-0.12999999523162842,-0.019999999552965164,-0.2199999988079071,-0.0021816615480929613,-0.0010908307740464807,-0.0010908307740464807,40.25,-135.875,117.375,0.99639892578125,0.0638427734375,0.019287109375,0.05291748046875
246,25147,-0.17000000178813934,-0.05000000074505806,-0.28999999165534973,0.0,-0.008726646192371845,0.0,40.25,-135.5625,118.0625,0.99639892578125,0.06365966796875,0.02001953125,0.0528564453125
246,26065,-0.05000000074505806,0.009999999776482582,-0.30000001192092896,0.0010908307740464807,0.022907447069883347,-0.004363323096185923,39.6875,-134.75,117.75,0.9964599609375,0.06341552734375,0.01739501953125,0.05255126953125
246,27085,-0.05999999865889549,-0.05999999865889549,-0.2800000011920929,0.0010908307740464807,-0.004363323096185923,-0.0010908307740464807,40.5,-134.875,118.5,0.99639892578125,0.06329345703125,0.01995849609375,0.052734375
246,28104,-0.029999999329447746,-0.009999999776482582,-0.25,0.0021816615480929613,-0.0010908307740464807,0.0,40.5,-135.25,118.875,0.99639892578125,0.06329345703125,0.01995849609375,0.052734375
246,29121,-0.029999999329447746,-0.05999999865889549,-0.2800000011920929,0.0,-0.0054541537538170815,0.0021816615480929613,39.6875,-135.5625,118.875,0.99639892578125,0.06329345703125,0.01995849609375,0.052734375
246,30041,0.03999999910593033,0.0,-0.2800000011920929,-0.0010908307740464807,0.0021816615480929613,-0.0010908307740464807,39.6875,-135.5625,118.1875,0.99639892578125,0.06329345703125,0.01995849609375,0.052734375
246,31068,0.009999999776482582,-0.029999999329447746,-0.23000000417232513,0.0010908307740464807,0.015271631069481373,-0.003272492438554764,39.375,-135.5625,117.6875,0.99639892578125,0.063232421875,0.020751953125,0.052734375
246,32096,-0.05000000074505806,-0.029999999329447746,-0.27000001072883606,-0.0010908307740464807,-0.004363323096185923,-0.0010908307740464807,39.375,-135.25,118.875,0.99639892578125,0.06317138671875,0.0216064453125,0.05279541015625
246,33118,-0.03999999910593033,0.029999999329447746,-0.27000001072883606,0.0021816615480929613,0.0054541537538170815,0.0010908307740464807,39.6875,-135.5625,117.375,0.99639892578125,0.063232421875,0.02105712890625,0.05279541015625
246,34138,0.0,-0.029999999329447746,-0.2800000011920929,0.0021816615480929613,0.011999138630926609,0.0,38.6875,-135.25,118.5625,0.99639892578125,0.06317138671875,0.0216064453125,0.05279541015625
246,35062,0.019999999552965164,-0.09000000357627869,-0.23999999463558197,0.0010908307740464807,0.006544984877109528,-0.0010908307740464807,39.6875,-135.5625,118.5625,0.99639892578125,0.06317138671875,0.021484375,0.05279541015625
246,36091,0.0,0.029999999329447746,-0.25999999046325684,0.0010908307740464807,-0.003272492438554764,0.0010908307740464807,39.6875,-136.375,118.6875,0.99639892578125,0.06317138671875,0.02154541015625,0.05279541015625
246,37121,-0.009999999776482582,-0.05000000074505806,-0.2800000011920929,0.0010908307740464807,-0.0021816615480929613,0.0,39.375,-135.5625,118.6875,0.99639892578125,0.06317138671875,0.02154541015625,0.05279541015625
246,38142,-0.07000000029802322,-0.019999999552965164,-0.25999999046325684,0.0021816615480929613,0.003272492438554764,-0.0010908307740464807,39.375,-134.5625,117.5625,0.996337890625,0.06304931640625,0.0238037109375,0.052978515625
246,39063,-0.019999999552965164,-0.009999999776482582,-0.2800000011920929,-0.0010908307740464807,0.0054541537538170815,-0.004363323096185923,39.6875,-135.25,118.75,0.996337890625,0.06304931640625,0.0238037109375,0.052978515625
246,40085,-0.11999999731779099,0.0,-0.30000001192092896,-0.0010908307740464807,-0.004363323096185923,0.0021816615480929613,39.6875,-134.875,118.0625,0.996337890625,0.06304931640625,0.0238037109375,0.052978515625
246,41110,-0.09000000357627869,-0.07000000029802322,-0.25999999046325684,0.0010908307740464807,-0.0010908307740464807,0.0,39.375,-135.6875,118.0625,0.99627685546875,0.0631103515625,0.02545166015625,0.0528564453125
246,42130,-0.029999999329447746,-0.07000000029802322,-0.2199999988079071,-0.0010908307740464807,-0.003272492438554764,0.0010908307740464807,39.375,-135.6875,118.875,0.99627685546875,0.06304931640625,0.025634765625,0.0526123046875
246,43146,0.05999999865889549,-0.019999999552965164,-0.23999999463558197,0.0021816615480929613,0.010908307507634163,-0.0021816615480929613,40.0625,-136.375,119.375,0.99627685546875,0.06298828125,0.0264892578125,0.05267333984375
246,44064,-0.1899999976158142,0.009999999776482582,-0.30000001192092896,-0.0010908307740464807,-0.004363323096185923,-0.004363323096185923,39.75,-135.25,119.25,0.9962158203125,0.0628662109375,0.02886962890625,0.05255126953125
246,45081,0.0,-0.07000000029802322,-0.27000001072883606,-0.0021816615480929613,0.0021816615480929613,0.0,39.6875,-135.25,118.5,0.9962158203125,0.0628662109375,0.02862548828125,0.052490234375
246,46096,-0.029999999329447746,-0.09000000357627869,-0.2800000011920929,0.0,0.0010908307740464807,-0.0021816615480929613,39.6875,-134.875,118.0625,0.9962158203125,0.06292724609375,0.0283203125,0.052490234375
246,47116,-0.07999999821186066,-0.05999999865889549,-0.25999999046325684,0.0,-0.015271631069481373,0.0010908307740464807,39.6875,-135.6875,117.75,0.9962158203125,0.06292724609375,0.02813720703125,0.052490234375
246,48134,-0.07999999821186066,-0.05999999865889549,-0.25999999046325684,-0.0010908307740464807,0.015271631069481373,-0.003272492438554764,39.25,-134.875,119.0,0.9962158203125,0.06292724609375,0.02801513671875,0.052490234375
246,49049,-0.019999999552965164,-0.03999999910593033,-0.2800000011920929,0.0010908307740464807,0.007635815534740686,-0.0010908307740464807,38.875,-135.25,118.5625,0.9962158203125,0.06292724609375,0.0283203125,0.052490234375
246,50061,-0.019999999552965164,-0.029999999329447746,-0.28999999165534973,0.0021816615480929613,-0.0021816615480929613,0.0010908307740464807,39.25,-134.875,117.5,0.9962158203125,0.06292724609375,0.0283203125,0.052490234375
246,51082,-0.029999999329447746,-0.019999999552965164,-0.27000001072883606,0.0,-0.0010908307740464807,0.0010908307740464807,39.25,-136.0,117.75,0.9962158203125,0.06292724609375,0.0283203125,0.052490234375
246,52106,-0.029999999329447746,-0.019999999552965164,-0.25999999046325684,-0.0010908307740464807,0.0010908307740464807,0.0010908307740464807,39.6875,-134.875,117.75,0.9962158203125,0.06292724609375,0.028076171875,0.052490234375
246,53128,-0.09000000357627869,-0.07000000029802322,-0.23999999463558197,0.0,0.0054541537538170815,-0.0010908307740464807,39.6875,-135.6875,119.0,0.9962158203125,0.06292724609375,0.028076171875,0.052490234375
246,54000,-0.07999999821186066,-0.009999999776482582,-0.25,0.0010908307740464807,-0.008726646192371845,0.0010908307740464807,39.6875,-135.6875,119.0,0.9962158203125,0.06292724609375,0.02801513671875,0.052490234375
246,55074,-0.07000000029802322,-0.029999999329447746,-0.2800000011920929,0.0010908307740464807,-0.003272492438554764,0.0,39.6875,-135.25,118.25,0.99627685546875,0.06292724609375,0.02783203125,0.05242919921875
246,56094,-0.03999999910593033,0.0,-0.27000001072883606,0.0021816615480929613,-0.0010908307740464807,0.0010908307740464807,40.0625,-135.25,117.875,0.99627685546875,0.06292724609375,0.02783203125,0.05242919921875
246,57118,-0.05999999865889549,-0.07999999821186066,-0.27000001072883606,0.0,0.0,0.0,39.6875,-135.25,118.375,0.99627685546875,0.06292724609375,0.02783203125,0.05242919921875
246,58141,0.009999999776482582,-0.03999999910593033,-0.25999999046325684,-0.0021816615480929613,0.004363323096185923,0.0,39.6875,-135.25,118.5,0.99627685546875,0.06292724609375,0.02783203125,0.05242919921875
246,59066,-0.03999999910593033,-0.029999999329447746,-0.25999999046325684,-0.0021816615480929613,-0.0010908307740464807,0.0,40.375,-135.25,120.0,0.99627685546875,0.06292724609375,0.02789306640625,0.05242919921875
246,60091,-0.11999999731779099,-0.05999999865889549,-0.2199999988079071,0.0,0.0010908307740464807,-0.0010908307740464807,38.875,-135.6875,118.5,0.99627685546875,0.06292724609375,0.0279541015625,0.052490234375
246,61107,-0.009999999776482582,-0.03999999910593033,-0.27000001072883606,0.0010908307740464807,0.004363323096185923,-0.0021816615480929613,39.6875,-135.6875,118.5,0.9962158203125,0.0628662109375,0.02880859375,0.052490234375
246,62134,0.009999999776482582,-0.009999999776482582,-0.25,0.0,0.003272492438554764,0.0010908307740464807,39.25,-135.0,118.0625,0.9962158203125,0.0628662109375,0.02880859375,0.052490234375
246,63047,-0.03999999910593033,0.0,-0.2800000011920929,0.003272492438554764,0.0010908307740464807,0.0,38.875,-135.6875,118.5625,0.9962158203125,0.0628662109375,0.02886962890625,0.052490234375
246,64070,-0.05999999865889549,-0.03999999910593033,-0.30000001192092896,-0.0021816615480929613,0.0054541537538170815,-0.004363323096185923,40.0625,-136.0,118.0625,0.9962158203125,0.0628662109375,0.02886962890625,0.052490234375
246,65090,-0.009999999776482582,-0.07000000029802322,-0.27000001072883606,0.0010908307740464807,0.0,0.0,39.25,-135.6875,119.0,0.9962158203125,0.0628662109375,0.02886962890625,0.052490234375
246,66110,0.009999999776482582,-0.019999999552965164,-0.25,-0.0021816615480929613,-0.013089969754219055,0.0,68.375,-230.5625,198.6875,0.99615478515625,0.06280517578125,0.03009033203125,0.0526123046875
246,67127,-0.029999999329447746,-0.10000000149011612,-0.23000000417232513,-0.0010908307740464807,0.009817477315664291,0.0,69.1875,-231.25,197.5,0.99615478515625,0.06292724609375,0.02984619140625,0.05255126953125
246,68049,0.019999999552965164,0.10999999940395355,-0.30000001192092896,-0.0010908307740464807,-0.008726646192371845,0.0,68.375,-231.25,198.25,0.99615478515625,0.06280517578125,0.03021240234375,0.05255126953125
246,68979,0.019999999552965164,0.019999999552965164,-0.28999999165534973,0.0010908307740464807,-0.0010908307740464807,-0.0010908307740464807,68.75,-231.25,197.1875,0.9962158203125,0.0628662109375,0.02984619140625,0.05255126953125
246,70079,0.09000000357627869,-0.05000000074505806,-0.27000001072883606,0.0,-0.010908307507634163,-0.0010908307740464807,69.5625,-231.25,197.875,0.9962158203125,0.0628662109375,0.02978515625,0.052490234375
246,71102,0.07000000029802322,-0.03999999910593033,-0.2800000011920929,-0.0010908307740464807,0.006544984877109528,0.0010908307740464807,41.6875,-141.0,120.875,0.99615478515625,0.06268310546875,0.0303955078125,0.0528564453125
246,72117,0.10999999940395355,-0.019999999552965164,-0.3100000023841858,0.0,0.0010908307740464807,-0.0021816615480929613,41.5,-139.0625,118.0625,0.99615478515625,0.06207275390625,0.0318603515625,0.05340576171875
246,73133,0.17000000178813934,-0.07000000029802322,-0.28999999165534973,0.0010908307740464807,-0.003272492438554764,0.0021816615480929613,40.75,-139.0625,118.875,0.9962158203125,0.0621337890625,0.02838134765625,0.05364990234375
246,74046,0.14000000059604645,-0.07000000029802322,-0.20999999344348907,0.0010908307740464807,0.0021816615480929613,0.0,41.0625,-139.0625,119.25,0.9962158203125,0.062255859375,0.02716064453125,0.05377197265625
246,75063,0.07000000029802322,0.009999999776482582,-0.28999999165534973,-0.0010908307740464807,-0.0021816615480929613,0.0021816615480929613,41.0625,-139.5,119.6875,0.9962158203125,0.062255859375,0.027587890625,0.05377197265625
246,76079,0.12999999523162842,-0.029999999329447746,-0.25999999046325684,-0.0010908307740464807,-0.0054541537538170815,0.0010908307740464807,40.0625,-139.875,119.25,0.9962158203125,0.062255859375,0.02764892578125,0.05377197265625
246,77096,0.10000000149011612,-0.009999999776482582,-0.27000001072883606,0.0010908307740464807,0.004363323096185923,-0.0010908307740464807,41.875,-138.5,117.375,0.99615478515625,0.0621337890625,0.029296875,0.05389404296875
246,78113,0.15000000596046448,-0.009999999776482582,-0.27000001072883606,0.0010908307740464807,-0.007635815534740686,0.0021816615480929613,41.5,-138.75,119.6875,0.99615478515625,0.0621337890625,0.029296875,0.05389404296875
246,79131,0.12999999523162842,-0.019999999552965164,-0.25999999046325684,0.0,-0.008726646192371845,0.0,41.1875,-139.0625,119.375,0.99615478515625,0.0621337890625,0.02972412109375,0.05389404296875
246,80045,0.14000000059604645,-0.03999999910593033,-0.25999999046325684,-0.0010908307740464807,-0.003272492438554764,-0.0010908307740464807,41.0625,-138.75,118.5625,0.99615478515625,0.0621337890625,0.02935791015625,0.05389404296875
246,81061,0.12999999523162842,0.0,-0.27000001072883606,0.0010908307740464807,-0.0010908307740464807,0.0021816615480929613,40.75,-139.1875,119.0625,0.99615478515625,0.0621337890625,0.02935791015625,0.05389404296875
246,82074,0.1599999964237213,-0.019999999552965164,-0.2800000011920929,0.0010908307740464807,-0.0021816615480929613,-0.0010908307740464807,40.75,-139.1875,118.25,0.99615478515625,0.0621337890625,0.02935791015625,0.05389404296875
246,83095,0.14000000059604645,-0.05000000074505806,-0.25,0.0010908307740464807,-0.0010908307740464807,0.0,42.25,-138.75,119.5625,0.99615478515625,0.0621337890625,0.02935791015625,0.05389404296875
246,84109,0.12999999523162842,-0.05999999865889549,-0.2800000011920929,0.0,0.0010908307740464807,0.0,42.25,-138.75,117.6875,0.99615478515625,0.0621337890625,0.02935791015625,0.05389404296875
246,84904,0.1599999964237213,0.0,-0.25999999046325684,0.0,0.0010908307740464807,0.0010908307740464807,41.1875,-139.1875,118.5,0.99615478515625,0.0621337890625,0.02935791015625,0.05389404296875
246,86040,0.14000000059604645,-0.03999999910593033,-0.25,0.0,0.0021816615480929613,0.0010908307740464807,41.5625,-139.5625,118.5,0.99615478515625,0.0621337890625,0.02935791015625,0.05389404296875
246,87051,0.07999999821186066,-0.029999999329447746,-0.28999999165534973,0.0010908307740464807,0.0010908307740464807,-0.0010908307740464807,42.0,-138.875,120.1875,0.99615478515625,0.0621337890625,0.02935791015625,0.05389404296875
246,88071,0.09000000357627869,-0.019999999552965164,-0.28999999165534973,0.0010908307740464807,-0.003272492438554764,0.0,41.5625,-138.875,119.375,0.99615478515625,0.0621337890625,0.029296875,0.05389404296875
246,89084,0.09000000357627869,-0.019999999552965164,-0.27000001072883606,0.0,0.0,0.0,42.0,-138.875,119.375,0.99615478515625,0.0621337890625,0.029296875,0.05389404296875
246,90098,0.07999999821186066,-0.05999999865889549,-0.2800000011920929,-0.0021816615480929613,-0.0054541537538170815,0.0010908307740464807,42.5625,-138.5,119.0625,0.99615478515625,0.0621337890625,0.029296875,0.05389404296875
246,91108,0.03999999910593033,-0.05000000074505806,-0.27000001072883606,0.0021816615480929613,-0.003272492438554764,0.0010908307740464807,41.1875,-138.875,118.6875,0.99615478515625,0.0621337890625,0.0294189453125,0.05389404296875
246,92122,0.10000000149011612,-0.029999999329447746,-0.25,0.0,0.004363323096185923,0.0,41.5625,-139.5625,117.25,0.99615478515625,0.0621337890625,0.0294189453125,0.05389404296875
246,93135,0.07999999821186066,0.0,-0.25999999046325684,0.0,-0.010908307507634163,0.0010908307740464807,41.1875,-139.25,119.6875,0.99615478515625,0.0621337890625,0.02935791015625,0.05389404296875
246,93889,0.10000000149011612,-0.009999999776482582,-0.2800000011920929,0.0,0.0010908307740464807,0.0,41.1875,-139.25,119.1875,0.9962158203125,0.06219482421875,0.0286865234375,0.0538330078125
246,95072,0.17000000178813934,0.0,-0.27000001072883606,-0.0010908307740464807,0.014180799946188927,-0.0010908307740464807,40.75,-138.875,119.6875,0.9962158203125,0.06219482421875,0.02899169921875,0.05389404296875
246,96088,0.09000000357627869,0.15000000596046448,-0.3100000023841858,0.0010908307740464807,-0.0021816615480929613,0.0010908307740464807,42.0,-139.0,119.0,0.99609375,0.06207275390625,0.03125,0.05401611328125
246,97102,0.07999999821186066,-0.03999999910593033,-0.2800000011920929,0.0010908307740464807,-0.003272492438554764,0.0,42.0,-139.0,118.25,0.99615478515625,0.06207275390625,0.02972412109375,0.0540771484375
246,98114,0.05999999865889549,0.009999999776482582,-0.25999999046325684,0.0,-0.007635815534740686,0.0010908307740464807,40.75,-138.5625,119.5625,0.99615478515625,0.06201171875,0.02978515625,0.05413818359375
246,99130,0.09000000357627869,-0.009999999776482582,-0.27000001072883606,0.0,0.014180799946188927,-0.0010908307740464807,41.1875,-139.0,118.75,0.99615478515625,0.06201171875,0.0299072265625,0.05413818359375
246,100043,0.0,-0.009999999776482582,-0.2800000011920929,0.0,0.0010908307740464807,-0.0010908307740464807,42.0,-139.6875,119.1875,0.99615478515625,0.06201171875,0.0303955078125,0.05413818359375
246,101160,0.019999999552965164,-0.019999999552965164,-0.25,-0.0010908307740464807,-0.003272492438554764,0.0010908307740464807,41.1875,-139.0,118.5625,0.99615478515625,0.06207275390625,0.0294189453125,0.0540771484375
246,102080,0.0,-0.019999999552965164,-0.27000001072883606,0.0,-0.004363323096185923,0.0021816615480929613,41.5625,-139.25,119.0,0.99615478515625,0.06207275390625,0.0294189453125,0.0540771484375
246,103103,0.0,-0.10000000149011612,-0.20000000298023224,0.0021816615480929613,0.0054541537538170815,-0.0010908307740464807,42.0,-139.0,119.375,0.99615478515625,0.06207275390625,0.0294189453125,0.0540771484375
246,104118,-0.05999999865889549,0.009999999776482582,-0.25,0.0,-0.0021816615480929613,-0.0010908307740464807,42.0,-139.25,119.375,0.99615478515625,0.06207275390625,0.02947998046875,0.0540771484375
246,104890,0.029999999329447746,-0.05000000074505806,-0.23999999463558197,0.0010908307740464807,0.011999138630926609,-0.0010908307740464807,41.1875,-139.25,119.0625,0.99615478515625,0.06201171875,0.02978515625,0.05413818359375
246,106054,0.07000000029802322,-0.029999999329447746,-0.25999999046325684,0.0010908307740464807,-0.004363323096185923,0.003272492438554764,41.1875,-139.0,118.6875,0.99609375,0.06195068359375,0.031005859375,0.05419921875
246,107067,0.07999999821186066,-0.05000000074505806,-0.25,0.0010908307740464807,0.0,0.0021816615480929613,41.1875,-139.0,117.875,0.99609375,0.06195068359375,0.031005859375,0.05419921875
246,108087,0.07000000029802322,-0.05000000074505806,-0.25999999046325684,0.0,-0.003272492438554764,0.0010908307740464807,40.875,-139.375,118.6875,0.99609375,0.06195068359375,0.031005859375,0.05419921875
246,109102,0.09000000357627869,-0.05000000074505806,-0.28999999165534973,0.0010908307740464807,-0.0010908307740464807,-0.0010908307740464807,41.1875,-138.25,119.5625,0.99615478515625,0.06201171875,0.03082275390625,0.05419921875
246,109889,0.10000000149011612,-0.019999999552965164,-0.27000001072883606,0.0,-0.003272492438554764,0.0010908307740464807,40.875,-139.0,119.875,0.99615478515625,0.06201171875,0.03082275390625,0.05419921875
246,111131,0.07000000029802322,-0.14000000059604645,-0.25,0.0010908307740464807,0.0010908307740464807,0.0010908307740464807,41.25,-139.375,119.1875,0.99615478515625,0.06201171875,0.03082275390625,0.05419921875
246,112050,0.07999999821186066,-0.009999999776482582,-0.2800000011920929,0.0,0.0010908307740464807,-0.0010908307740464807,40.875,-138.5625,118.875,0.99615478515625,0.06195068359375,0.03021240234375,0.05419921875
246,113062,0.10999999940395355,0.03999999910593033,-0.25999999046325684,0.0,-0.003272492438554764,0.0010908307740464807,41.25,-139.0,119.25,0.99615478515625,0.06201171875,0.02972412109375,0.05426025390625
246,114082,0.11999999731779099,0.019999999552965164,-0.27000001072883606,0.0,0.009817477315664291,-0.0010908307740464807,40.5,-139.0,117.6875,0.99615478515625,0.06201171875,0.02972412109375,0.05426025390625
246,115100,0.019999999552965164,0.07000000029802322,-0.2800000011920929,0.0,0.0,-0.0021816615480929613,41.5625,-139.0,118.875,0.99615478515625,0.06201171875,0.02972412109375,0.05426025390625
246,116112,0.10999999940395355,-0.029999999329447746,-0.28999999165534973,0.0010908307740464807,-0.0010908307740464807,0.0010908307740464807,41.25,-139.375,118.5625,0.99615478515625,0.06201171875,0.02972412109375,0.05426025390625
246,117126,0.07000000029802322,0.029999999329447746,-0.25999999046325684,-0.003272492438554764,0.0010908307740464807,0.0,41.25,-140.0625,119.0,0.99615478515625,0.06201171875,0.02972412109375,0.05426025390625
246,118040,0.009999999776482582,-0.029999999329447746,-0.25,0.003272492438554764,-0.013089969754219055,0.0,40.875,-139.375,117.875,0.99615478515625,0.06195068359375,0.03057861328125,0.0543212890625
246,119054,0.019999999552965164,0.0,-0.28999999165534973,0.0,0.0,0.0021816615480929613,40.875,-139.0625,120.1875,0.99615478515625,0.06201171875,0.02996826171875,0.05426025390625
246,120065,0.019999999552965164,-0.03999999910593033,-0.25,0.0,0.0,0.0,41.5625,-138.6875,119.875,0.99615478515625,0.06201171875,0.02960205078125,0.05426025390625
246,121080,-0.009999999776482582,-0.009999999776482582,-0.27000001072883606,0.0010908307740464807,0.0,-0.0021816615480929613,41.25,-139.0625,119.0625,0.99615478515625,0.06201171875,0.02960205078125,0.05426025390625
246,122098,-0.029999999329447746,-0.019999999552965164,-0.28999999165534973,-0.0010908307740464807,0.006544984877109528,-0.0010908307740464807,42.0,-139.0625,119.5,0.99615478515625,0.06201171875,0.02960205078125,0.05426025390625
246,123110,0.05000000074505806,0.019999999552965164,-0.2199999988079071,0.0010908307740464807,0.0054541537538170815,-0.0010908307740464807,40.875,-139.75,117.875,0.99609375,0.06256103515625,0.02978515625,0.05426025390625
246,124130,0.019999999552965164,0.0,-0.2800000011920929,0.0021816615480929613,-0.0010908307740464807,0.0,41.5625,-139.0625,119.0625,0.99609375,0.06256103515625,0.02996826171875,0.05419921875
246,125149,0.03999999910593033,-0.05000000074505806,-0.27000001072883606,0.0,0.004363323096185923,0.0,40.875,-139.0625,118.25,0.99609375,0.06256103515625,0.02996826171875,0.05419921875
246,126063,0.009999999776482582,-0.05999999865889549,-0.25,0.0010908307740464807,-0.0054541537538170815,-0.0021816615480929613,68.5625,-231.25,198.6875,0.99615478515625,0.0626220703125,0.0294189453125,0.05419921875
246,127076,0.05000000074505806,-0.07999999821186066,-0.25999999046325684,-0.003272492438554764,0.006544984877109528,0.0010908307740464807,68.5625,-230.875,198.375,0.99615478515625,0.0626220703125,0.0294189453125,0.05419921875
246,128096,0.029999999329447746,-0.05999999865889549,-0.27000001072883606,-0.0010908307740464807,0.004363323096185923,-0.0021816615480929613,68.875,-231.25,199.875,0.99609375,0.0625,0.03106689453125,0.0543212890625
246,129115,0.029999999329447746,-0.029999999329447746,-0.2800000011920929,0.0010908307740464807,0.0054541537538170815,0.0,68.5625,-230.5,197.1875,0.99609375,0.0625,0.031005859375,0.0543212890625
246,129895,0.05000000074505806,0.0,-0.25999999046325684,0.0010908307740464807,0.003272492438554764,0.0010908307740464807,68.875,-231.25,198.75,0.99609375,0.0625,0.03106689453125,0.0543212890625
246,131051,0.09000000357627869,0.07999999821186066,-0.23999999463558197,-0.0021816615480929613,-0.0010908307740464807,0.0,68.5625,-230.0625,197.5625,0.99603271484375,0.0623779296875,0.0322265625,0.0543212890625
246,132069,0.029999999329447746,-0.05000000074505806,-0.2800000011920929,0.0,0.0010908307740464807,0.0010908307740464807,69.25,-230.5,198.0625,0.99603271484375,0.062255859375,0.03216552734375,0.0543212890625
246,133082,0.07000000029802322,0.23999999463558197,-0.27000001072883606,-0.0021816615480929613,-0.006544984877109528,0.0010908307740464807,68.5625,-230.875,197.75,0.99609375,0.06195068359375,0.03173828125,0.05438232421875
246,134098,-0.03999999910593033,0.23999999463558197,-0.20000000298023224,0.0054541537538170815,-0.006544984877109528,0.006544984877109528,68.1875,-230.5625,198.875,0.99609375,0.06243896484375,0.030517578125,0.0543212890625
246,135118,0.10000000149011612,-0.36000001430511475,-0.23000000417232513,0.004363323096185923,-0.003272492438554764,-0.0010908307740464807,68.5625,-231.5625,198.875,0.99615478515625,0.06256103515625,0.029052734375,0.05413818359375
246,136022,0.0,-0.009999999776482582,-0.28999999165534973,0.0010908307740464807,0.0010908307740464807,-0.0021816615480929613,68.875,-230.875,198.5625,0.99615478515625,0.06243896484375,0.02911376953125,0.0540771484375
246,137057,-0.009999999776482582,-0.09000000357627869,-0.27000001072883606,0.0010908307740464807,0.011999138630926609,-0.0021816615480929613,68.5625,-230.875,198.25,0.99615478515625,0.0626220703125,0.028564453125,0.05401611328125
246,138074,-0.07000000029802322,-0.07000000029802322,-0.23999999463558197,0.0,0.0021816615480929613,0.0,68.1875,-230.875,198.6875,0.99615478515625,0.0626220703125,0.02862548828125,0.05401611328125
246,139089,-0.15000000596046448,-0.4099999964237213,-0.27000001072883606,-0.0021816615480929613,0.003272492438554764,0.009817477315664291,68.5625,-231.25,197.5625,0.99615478515625,0.06243896484375,0.02850341796875,0.053955078125
246,140102,-0.07999999821186066,0.25999999046325684,-0.25,0.0,0.023998277261853218,-0.0010908307740464807,42.0625,-140.25,120.0,0.99609375,0.06195068359375,0.0318603515625,0.0540771484375
246,141118,0.14000000059604645,-0.019999999552965164,-0.41999998688697815,-0.0054541537538170815,-0.003272492438554764,0.0010908307740464807,41.1875,-140.1875,119.75,0.99603271484375,0.06268310546875,0.0328369140625,0.05419921875
246,142134,0.09000000357627869,-0.3400000035762787,0.20000000298023224,-0.006544984877109528,0.0054541537538170815,0.0,40.75,-139.375,120.1875,0.9959716796875,0.06439208984375,0.03045654296875,0.05462646484375
246,142899,-0.949999988079071,-0.05000000074505806,-0.1599999964237213,0.004363323096185923,0.023998277261853218,0.010908307507634163,40.75,-139.375,119.5,0.9959716796875,0.0648193359375,0.030029296875,0.05426025390625
246,144066,-0.05999999865889549,-0.23000000417232513,-0.11999999731779099,0.009817477315664291,0.01636246219277382,0.02617993950843811,40.0,-139.5625,119.0625,0.995849609375,0.06512451171875,0.03216552734375,0.05438232421875
246,145083,3.2200000286102295,1.7599999904632568,0.9800000190734863,0.014180799946188927,-0.008726646192371845,0.014180799946188927,40.6875,-139.0,119.25,0.99566650390625,0.06494140625,0.03759765625,0.0548095703125
246,146101,3.0399999618530273,-0.6299999952316284,7.880000114440918,0.018544122576713562,-0.030543262138962746,-0.03490658476948738,39.875,-136.875,119.1875,0.99609375,0.0640869140625,0.03582763671875,0.048828125
246,147119,1.8799999952316284,0.8600000143051147,-0.5799999833106995,0.039269909262657166,-0.03272492438554764,-0.006544984877109528,40.0625,-138.25,117.375,0.99609375,0.06494140625,0.03521728515625,0.04803466796875
246,148135,-1.9600000381469727,3.7200000286102295,-3.0999999046325684,-0.03272492438554764,-0.01745329238474369,0.04145156964659691,39.6875,-142.375,116.75,0.9959716796875,0.0655517578125,0.0262451171875,0.05511474609375
246,149029,2.609999895095825,0.3199999928474426,1.4900000095367432,-0.009817477315664291,-0.030543262138962746,-0.008726646192371845,37.75,-135.375,115.5625,0.99664306640625,0.0635986328125,0.02117919921875,0.0467529296875
246,150064,6.5,1.2300000190734863,7.099999904632568,0.030543262138962746,-0.05017821490764618,-0.0054541537538170815,37.0625,-137.5625,119.875,0.99725341796875,0.0625,0.020751953125,0.03411865234375
246,151080,1.059999942779541,-0.8299999833106995,3.130000114440918,0.013089969754219055,-0.04145156964659691,-0.037088245153427124,35.375,-133.0,117.375,0.99749755859375,0.06097412109375,0.015625,0.0323486328125
246,152095,-0.7900000214576721,1.409999966621399,-0.07000000029802322,-0.022907447069883347,0.037088245153427124,-0.038179077208042145,34.375,-132.75,116.875,0.99786376953125,0.0599365234375,0.01513671875,0.02020263671875
246,153118,0.9900000095367432,2.4800000190734863,-1.0199999809265137,0.014180799946188927,-0.004363323096185923,-0.0021816615480929613,33.1875,-130.0,115.1875,0.998046875,0.0596923828125,0.01959228515625,0.00384521484375
246,154015,-0.4000000059604645,1.0399999618530273,-0.8799999952316284,-0.013089969754219055,0.008726646192371845,0.04254240170121193,34.0,-130.5,115.0625,0.99755859375,0.0609130859375,0.0347900390625,0.00225830078125
246,155049,0.4699999988079071,2.680000066757202,-1.1799999475479126,0.004363323096185923,0.037088245153427124,0.09053895622491837,35.75,-126.875,114.375,0.99700927734375,0.0614013671875,0.03704833984375,0.02777099609375
246,156067,4.210000038146973,1.5800000429153442,-0.3199999928474426,0.030543262138962746,0.015271631069481373,0.028361599892377853,35.1875,-122.0,114.375,0.9962158203125,0.0631103515625,0.0340576171875,0.0494384765625
246,157085,-1.159999966621399,3.549999952316284,-2.4000000953674316,-0.006544984877109528,-0.02508910745382309,-0.029452430084347725,34.6875,-121.75,113.0,0.99591064453125,0.06256103515625,0.03466796875,0.05572509765625
246,158107,3.2300000190734863,1.2200000286102295,-0.8899999856948853,-0.006544984877109528,-0.039269909262657166,-0.027270769700407982,34.375,-122.375,113.0625,0.99615478515625,0.06146240234375,0.04150390625,0.04620361328125
246,159129,0.3199999928474426,1.2400000095367432,-1.1799999475479126,0.004363323096185923,0.021816615015268326,-0.0010908307740464807,34.0,-121.1875,112.5625,0.996337890625,0.05938720703125,0.04449462890625,0.0421142578125
246,160147,1.6699999570846558,2.8299999237060547,-4.059999942779541,-0.013089969754219055,-0.05345070734620094,0.030543262138962746,33.5625,-121.6875,112.6875,0.995849609375,0.058349609375,0.05517578125,0.0428466796875
246,161066,3.059999942779541,2.0,0.09000000357627869,0.010908307507634163,0.055632367730140686,-0.04036073759198189,32.6875,-121.1875,112.5,0.99627685546875,0.0589599609375,0.047119140625,0.04150390625
246,162088,0.6499999761581421,2.619999885559082,0.7699999809265137,-0.06108652427792549,-0.03381575271487236,-0.014180799946188927,33.0,-120.75,110.875,0.99627685546875,0.05810546875,0.05413818359375,0.03363037109375
246,163102,0.38999998569488525,0.7900000214576721,-0.28999999165534973,0.015271631069481373,-0.0010908307740464807,0.018544122576713562,32.1875,-119.5625,111.875,0.99658203125,0.05853271484375,0.04876708984375,0.03125
246,164118,1.7599999904632568,-1.7000000476837158,1.090000033378601,-0.009817477315664291,-0.013089969754219055,-0.0359974168241024,30.875,-120.5625,109.1875,0.9964599609375,0.06005859375,0.04571533203125,0.03631591796875
246,165132,0.5099999904632568,1.0499999523162842,-0.18000000715255737,0.004363323096185923,-0.021816615015268326,0.003272492438554764,30.6875,-119.1875,108.0,0.99676513671875,0.05816650390625,0.04107666015625,0.037353515625
246,166042,5.170000076293945,-0.5899999737739563,0.8299999833106995,0.010908307507634163,-0.03490658476948738,0.04036073759198189,30.875,-120.375,109.75,0.99688720703125,0.0572509765625,0.03814697265625,0.03924560546875
246,167059,0.019999999552965164,-1.4800000190734863,-1.590000033378601,0.03272492438554764,0.09817477315664291,-0.0054541537538170815,30.6875,-118.6875,107.875,0.996337890625,0.056884765625,0.04638671875,0.04388427734375
246,168072,6.550000190734863,-1.3300000429153442,3.990000009536743,0.0010908307740464807,-0.019634954631328583,0.028361599892377853,32.6875,-118.1875,104.5625,0.99505615234375,0.056640625,0.0634765625,0.05145263671875
246,169087,-0.25999999046325684,0.30000001192092896,-3.3399999141693115,0.015271631069481373,0.05672319978475571,0.0719948336482048,32.1875,-117.1875,104.1875,0.99365234375,0.057373046875,0.068115234375,0.068359375
246,170102,-0.9800000190734863,-0.7099999785423279,-1.659999966621399,-0.029452430084347725,0.030543262138962746,0.038179077208042145,33.0,-114.25,102.5625,0.9920654296875,0.0574951171875,0.06732177734375,0.08941650390625
246,171113,5.980000019073486,-3.6600000858306885,3.6600000858306885,-0.014180799946188927,0.05672319978475571,0.06544984877109528,32.5,-112.875,100.25,0.99090576171875,0.0595703125,0.0657958984375,0.10101318359375
246,172128,0.36000001430511475,-1.840000033378601,0.11999999731779099,0.04036073759198189,0.0010908307740464807,0.0,33.25,-111.5625,101.6875,0.98968505859375,0.0599365234375,0.06951904296875,0.10992431640625
246,173038,5.53000020980835,-0.9800000190734863,2.5999999046325684,0.029452430084347725,0.02508910745382309,0.020725784823298454,33.5625,-110.6875,102.0625,0.98846435546875,0.06060791015625,0.07330322265625,0.11773681640625
246,174059,2.7899999618530273,-0.2199999988079071,-2.1500000953674316,0.010908307507634163,0.03381575271487236,-0.003272492438554764,34.5,-110.5,100.25,0.98681640625,0.06048583984375,0.07952880859375,0.127197265625
246,175075,2.5899999141693115,-0.9599999785423279,-1.0499999523162842,0.0,0.015271631069481373,0.0010908307740464807,34.0,-110.375,98.5,0.9862060546875,0.0587158203125,0.08905029296875,0.12640380859375
246,176089,1.909999966621399,0.7300000190734863,0.14000000059604645,-0.0021816615480929613,0.013089969754219055,-0.021816615015268326,35.5,-109.25,97.875,0.98614501953125,0.05596923828125,0.1007080078125,0.11944580078125
246,177110,1.25,-0.44999998807907104,-0.10999999940395355,0.009817477315664291,-0.0010908307740464807,-0.011999138630926609,34.0625,-109.5,97.1875,0.98687744140625,0.0556640625,0.10467529296875,0.10955810546875
246,178128,0.46000000834465027,-0.1599999964237213,-0.23000000417232513,0.0010908307740464807,-0.0054541537538170815,-0.0010908307740464807,34.0,-109.75,98.25,0.99078369140625,0.04840087890625,0.06591796875,0.10821533203125
246,178954,0.25999999046325684,0.11999999731779099,-0.25999999046325684,0.0,-0.004363323096185923,-0.0010908307740464807,33.25,-109.0,97.5625,0.9912109375,0.05584716796875,0.04986572265625,0.1092529296875
246,180062,0.23999999463558197,-0.019999999552965164,-0.23999999463558197,-0.0010908307740464807,0.0021816615480929613,0.0010908307740464807,34.0,-108.5,98.25,0.99102783203125,0.057373046875,0.04937744140625,0.1102294921875
246,181078,0.17000000178813934,0.009999999776482582,-0.25,0.003272492438554764,0.009817477315664291,0.0,33.5625,-108.5,97.0625,0.99114990234375,0.0582275390625,0.04541015625,0.110595703125
246,182095,0.07999999821186066,-0.05999999865889549,-0.25999999046325684,0.0,-0.008726646192371845,-0.0021816615480929613,33.1875,-109.0,96.6875,0.9913330078125,0.0589599609375,0.0401611328125,0.1103515625
246,183115,0.09000000357627869,0.03999999910593033,-0.25999999046325684,0.003272492438554764,0.010908307507634163,-0.0010908307740464807,32.75,-108.6875,98.6875,0.9913330078125,0.05889892578125,0.0406494140625,0.1103515625
246,184140,0.10000000149011612,-0.09000000357627869,-0.25999999046325684,0.0010908307740464807,-0.006544984877109528,-0.0021816615480929613,33.5,-108.6875,97.1875,0.99127197265625,0.05877685546875,0.04144287109375,0.11041259765625
246,185163,0.18000000715255737,-0.09000000357627869,-0.25,-0.0010908307740464807,-0.009817477315664291,0.0021816615480929613,32.375,-107.875,97.5,0.99139404296875,0.05908203125,0.0386962890625,0.1102294921875
246,186077,0.1599999964237213,0.0,-0.25999999046325684,0.0,0.0021816615480929613,0.0,71.5625,-230.25,197.875,0.99139404296875,0.05908203125,0.03875732421875,0.1102294921875
246,187100,0.1899999976158142,-0.029999999329447746,-0.23999999463558197,-0.0010908307740464807,-0.010908307507634163,0.0021816615480929613,71.1875,-230.6875,199.0625,0.9913330078125,0.0589599609375,0.03961181640625,0.11029052734375
246,188116,0.15000000596046448,-0.019999999552965164,-0.2800000011920929,0.0010908307740464807,0.013089969754219055,-0.0010908307740464807,71.5625,-229.875,198.75,0.9913330078125,0.05889892578125,0.03955078125,0.1107177734375
246,189133,0.18000000715255737,-0.05999999865889549,-0.25,0.0,0.0010908307740464807,0.0010908307740464807,71.1875,-230.25,198.375,0.9913330078125,0.05914306640625,0.03802490234375,0.11090087890625
246,190047,0.05000000074505806,-0.009999999776482582,-0.3100000023841858,0.0010908307740464807,0.008726646192371845,0.0021816615480929613,70.375,-229.875,198.375,0.9913330078125,0.05908203125,0.0377197265625,0.11090087890625
246,191067,0.009999999776482582,-0.019999999552965164,-0.30000001192092896,-0.0010908307740464807,0.0021816615480929613,-0.003272492438554764,71.1875,-230.6875,199.25,0.9913330078125,0.05902099609375,0.03790283203125,0.1109619140625
246,192082,0.03999999910593033,-0.05999999865889549,-0.30000001192092896,0.0010908307740464807,-0.0054541537538170815,0.003272492438554764,71.1875,-230.6875,197.5625,0.9913330078125,0.05902099609375,0.0380859375,0.1109619140625
246,193099,0.009999999776482582,-0.05999999865889549,-0.27000001072883606,-0.0010908307740464807,-0.01745329238474369,0.0010908307740464807,71.875,-230.25,197.6875,0.99139404296875,0.05926513671875,0.03594970703125,0.11083984375
246,194115,0.09000000357627869,-0.029999999329447746,-0.25999999046325684,-0.003272492438554764,0.0010908307740464807,-0.0010908307740464807,71.1875,-229.875,199.25,0.9913330078125,0.0589599609375,0.03839111328125,0.1109619140625
246,194991,0.10999999940395355,-0.05999999865889549,-0.27000001072883606,0.0010908307740464807,0.008726646192371845,-0.0010908307740464807,72.5625,-230.0,198.875,0.9913330078125,0.0589599609375,0.03851318359375,0.1109619140625
246,196051,0.0,-0.03999999910593033,-0.2800000011920929,0.003272492438554764,0.0021816615480929613,0.0021816615480929613,72.25,-231.0625,198.5,0.9913330078125,0.0589599609375,0.038818359375,0.1109619140625
246,197064,0.0,-0.05000000074505806,-0.27000001072883606,-0.0010908307740464807,-0.003272492438554764,0.0010908307740464807,71.875,-231.0625,198.5,0.9913330078125,0.0589599609375,0.03839111328125,0.1109619140625
246,198079,-0.009999999776482582,-0.03999999910593033,-0.2800000011920929,0.0,0.004363323096185923,-0.0010908307740464807,71.875,-230.25,198.875,0.9913330078125,0.0589599609375,0.03839111328125,0.1109619140625
246,199098,0.009999999776482582,-0.019999999552965164,-0.25999999046325684,-0.0021816615480929613,-0.0054541537538170815,0.0021816615480929613,71.5625,-230.25,198.375,0.9913330078125,0.0589599609375,0.03839111328125,0.1109619140625
246,200114,-0.009999999776482582,-0.03999999910593033,-0.23000000417232513,-0.0010908307740464807,0.0054541537538170815,0.0,71.5625,-230.6875,199.25,0.9913330078125,0.05902099609375,0.038330078125,0.1109619140625
246,201135,0.0,-0.10999999940395355,-0.27000001072883606,-0.0010908307740464807,-0.008726646192371845,-0.0010908307740464807,70.75,-230.25,199.5625,0.99139404296875,0.0587158203125,0.03680419921875,0.11083984375
246,202049,0.0,-0.05999999865889549,-0.25,-0.0010908307740464807,0.004363323096185923,-0.0021816615480929613,72.25,-231.0625,199.1875,0.99139404296875,0.05926513671875,0.03680419921875,0.11083984375
246,203064,0.009999999776482582,0.05999999865889549,-0.30000001192092896,-0.0021816615480929613,-0.003272492438554764,0.0010908307740464807,42.5625,-138.6875,120.5625,0.9915771484375,0.05963134765625,0.03204345703125,0.11053466796875
246,204078,-0.07999999821186066,-0.05000000074505806,-0.27000001072883606,0.0010908307740464807,-0.0010908307740464807,0.0,43.1875,-138.6875,119.25,0.99169921875,0.0601806640625,0.02703857421875,0.1102294921875
246,205099,-0.14000000059604645,-0.07999999821186066,-0.23000000417232513,-0.0010908307740464807,-0.003272492438554764,0.0021816615480929613,43.1875,-139.0625,119.25,0.9915771484375,0.05975341796875,0.03240966796875,0.11041259765625
246,206000,-0.14000000059604645,-0.029999999329447746,-0.25,0.0,0.008726646192371845,-0.0021816615480929613,43.1875,-138.25,118.875,0.9915771484375,0.05950927734375,0.03265380859375,0.1102294921875
246,206974,-0.07000000029802322,-0.029999999329447746,-0.23999999463558197,0.0,0.010908307507634163,-0.0021816615480929613,43.5625,-139.75,119.6875,0.9915771484375,0.05950927734375,0.03253173828125,0.11016845703125
246,208053,-0.09000000357627869,-0.05000000074505806,-0.3100000023841858,0.0010908307740464807,0.0021816615480929613,-0.0021816615480929613,43.1875,-139.0625,120.5625,0.9915771484375,0.0594482421875,0.0333251953125,0.1102294921875
246,209069,-0.07000000029802322,0.019999999552965164,-0.28999999165534973,-0.0010908307740464807,0.0,0.0,42.875,-139.0625,119.6875,0.9915771484375,0.0594482421875,0.0333251953125,0.1102294921875
246,210088,-0.10000000149011612,-0.029999999329447746,-0.2800000011920929,-0.0021816615480929613,0.0054541537538170815,-0.0021816615480929613,42.5,-139.5,120.875,0.9915771484375,0.0594482421875,0.0333251953125,0.1102294921875
246,211102,-0.12999999523162842,0.029999999329447746,-0.30000001192092896,0.0,-0.006544984877109528,0.0010908307740464807,43.5625,-139.5,118.5625,0.9915771484375,0.0594482421875,0.03302001953125,0.1102294921875
246,212122,-0.11999999731779099,0.11999999731779099,-0.23999999463558197,0.0,-0.0021816615480929613,-0.0010908307740464807,43.1875,-139.0625,119.375,0.9915771484375,0.05902099609375,0.0338134765625,0.11016845703125
246,213134,-0.05000000074505806,-0.09000000357627869,-0.25999999046325684,-0.0010908307740464807,0.015271631069481373,-0.0021816615480929613,42.875,-139.0625,119.6875,0.991455078125,0.0584716796875,0.03790283203125,0.1102294921875
246,214055,0.07999999821186066,-0.10999999940395355,-0.25999999046325684,-0.003272492438554764,0.008726646192371845,0.0,43.1875,-139.0625,120.0625,0.991455078125,0.05841064453125,0.0386962890625,0.1102294921875
